<?xml version="1.0" encoding="UTF-8"?>
<configurationDescriptor version="62">
  <projectmakefile>Makefile</projectmakefile>
  <defaultConf>2</defaultConf>
  <confs>
    <conf name="dspic33ep512gm710" type="2">
      <platformToolSN>:=MPLABCommUSB:=04D8:=9009:=0100:=Microchip Technology, Inc. (www.microchip.com):=MPLAB ICD3 tm (www.microchip.com):=JIT102831757:=x:=b:=en</platformToolSN>
      <languageToolchainDir>C:\Program Files (x86)\Microchip\xc16\v1.20\bin</languageToolchainDir>
      <mdbdebugger version="1">
        <placeholder1>place holder 1</placeholder1>
        <placeholder2>place holder 2</placeholder2>
      </mdbdebugger>
      <runprofile version="6">
        <args></args>
        <rundir></rundir>
        <buildfirst>true</buildfirst>
        <console-type>0</console-type>
        <terminal-type>0</terminal-type>
        <remove-instrumentation>0</remove-instrumentation>
        <environment>
        </environment>
      </runprofile>
    </conf>
    <conf name="dspic33ep512mu810" type="2">
      <platformToolSN>:=MPLABCommUSB:=04D8:=9009:=0100:=Microchip Technology, Inc. (www.microchip.com):=MPLAB ICD3 tm (www.microchip.com):=JIT102831757:=x:=b:=en</platformToolSN>
      <languageToolchainDir>C:\Program Files (x86)\Microchip\xc16\v1.20\bin</languageToolchainDir>
      <mdbdebugger version="1">
        <placeholder1>place holder 1</placeholder1>
        <placeholder2>place holder 2</placeholder2>
      </mdbdebugger>
      <runprofile version="6">
        <args></args>
        <rundir></rundir>
        <buildfirst>true</buildfirst>
        <console-type>0</console-type>
        <terminal-type>0</terminal-type>
        <remove-instrumentation>0</remove-instrumentation>
        <environment>
        </environment>
      </runprofile>
    </conf>
    <conf name="dspic33ep256gp506" type="2">
      <platformToolSN>:=MPLABCommUSB:=04D8:=9009:=0100:=Microchip Technology, Inc. (www.microchip.com):=MPLAB ICD3 tm (www.microchip.com):=JIT102831757:=x:=b:=en</platformToolSN>
      <languageToolchainDir>C:\Program Files (x86)\Microchip\xc16\v1.20\bin</languageToolchainDir>
      <mdbdebugger version="1">
        <placeholder1>place holder 1</placeholder1>
        <placeholder2>place holder 2</placeholder2>
      </mdbdebugger>
      <runprofile version="6">
        <args></args>
        <rundir></rundir>
        <buildfirst>true</buildfirst>
        <console-type>0</console-type>
        <terminal-type>0</terminal-type>
        <remove-instrumentation>0</remove-instrumentation>
        <environment>
        </environment>
      </runprofile>
    </conf>
  </confs>
</configurationDescriptor>
