<project xmlns="http://www.netbeans.org/ns/project/1">
  <type>com.microchip.mplab.nbide.embedded.makeproject</type>
  <configuration>
    <data xmlns="http://www.netbeans.org/ns/make-project/1">
      <name>Hello_usart</name>
      <creation-uuid>f568e524-6ece-4d41-882e-29269ad15280</creation-uuid>
      <make-project-type>0</make-project-type>
      <c-extensions>c</c-extensions>
      <cpp-extensions />
      <header-extensions>h</header-extensions>
      <asminc-extensions />
      <sourceEncoding>ISO-8859-1</sourceEncoding>
      <make-dep-projects />
    </data>
  </configuration>
</project>