<?xml version="1.0" encoding="UTF-8"?><project xmlns="http://www.netbeans.org/ns/project/1">
    <type>com.microchip.mplab.nbide.embedded.makeproject</type>
    <configuration>
        <data xmlns="http://www.netbeans.org/ns/make-project/1">
            <name>windowed_wdt</name>
            <creation-uuid>2b67e90b-8d63-405f-af6a-59c0a6000537</creation-uuid>
            <make-project-type>0</make-project-type>
            <c-extensions>c</c-extensions>
            <cpp-extensions/>
            <header-extensions/>
            <sourceEncoding>ISO-8859-1</sourceEncoding>
            <asminc-extensions/>
            <make-dep-projects/>
        </data>
    </configuration>
</project>
