<?xml version="1.0" encoding="UTF-8"?><project-private xmlns="http://www.netbeans.org/ns/project-private/1">
    <editor-bookmarks xmlns="http://www.netbeans.org/ns/editor-bookmarks/1"/>
    <open-files xmlns="http://www.netbeans.org/ns/projectui-open-files/1">
        <file>file:/F:/code_examples/trunk/33E/ce408_oscillator_error_trap/firmware/src/ctglpin.s</file>
        <file>file:/F:/code_examples/trunk/33E/ce408_oscillator_error_trap/firmware/src/main.c</file>
        <file>file:/F:/code_examples/trunk/33E/ce408_oscillator_error_trap/firmware/src/clr_clkfail.s</file>
        <file>file:/F:/code_examples/trunk/33E/ce408_oscillator_error_trap/firmware/src/system_config/exp16/dspic33ep512mu810/traps.c</file>
        <file>file:/F:/code_examples/trunk/33E/ce408_oscillator_error_trap/firmware/src/system_config/exp16/dspic33ep256gp506/traps.c</file>
        <file>file:/F:/code_examples/trunk/33E/ce408_oscillator_error_trap/firmware/src/system_config/exp16/dspic33ep512gm710/traps.c</file>
    </open-files>
</project-private>
