<?xml version="1.0" encoding="UTF-8" standalone="no"?><DMCISettings><Settings><Setting>
 <ID>00</ID>
<VarValue>7967</VarValue>
<ArrowIncrement>1</ArrowIncrement>
<PageIncrement>5</PageIncrement>
<AlternateLabel/>
<ApplyRuntime>false</ApplyRuntime>
<DisableRealTime>false</DisableRealTime>
<Enabled>true</Enabled>
<Configured>true</Configured>
<Reset/>
<AllowRefresh>true</AllowRefresh>
<DisableNativeRTNotify>false</DisableNativeRTNotify>
<DataSize>16 Bits</DataSize>
<DataRange>Signed</DataRange>
<DisplayFormat>Decimal</DisplayFormat>
<AllowRunTimeChanges/>
<RunTimeChangeType>eRunTimeHaltResetWriteRun</RunTimeChangeType>
<TrueValue>1</TrueValue>
<FalseValue>0</FalseValue>
<UpperLimit>65535</UpperLimit>
 <LowerLimit>0</LowerLimit>
<UserUpperLimit>65535</UserUpperLimit>
<UserLowerLimit>0</UserLowerLimit>
<AbsoluteAddress/>
<FracDenomVal>32768</FracDenomVal>
<EnumValues/>
<EnumNames/>
<IsEnum>false</IsEnum>
<EnumByValues>false</EnumByValues>
<SequenceType>Even</SequenceType>
<SequenceLength>1</SequenceLength>
<ComboFieldGroupName/>
<IsTrue>false</IsTrue>
<VarValueString>7967</VarValueString>
<SelectedArrayPath><Item name="root"/><Item name="frequency"/></SelectedArrayPath>
<FractionalData>null</FractionalData>
<FractionalIncrement>null</FractionalIncrement>
<IncrementStep>0</IncrementStep>
<UserDescription/>
<Title>frequency</Title>
<XAxisLabel>X Axis</XAxisLabel>
<YAxisLabel>Y Axis</YAxisLabel>
<IsPPRSD>false</IsPPRSD>
<IsAutoAssignTitle>true</IsAutoAssignTitle>
<IsDataCapture>false</IsDataCapture>
<IsRunTimeWatch>false</IsRunTimeWatch>
<IsSimulatorRTU>false</IsSimulatorRTU>
<RefreshRate>null</RefreshRate>
<IsStandard>true</IsStandard>
<IsCircular>false</IsCircular>
<EnabledPPRSD>false</EnabledPPRSD>
<EnabledTitle>false</EnabledTitle>
<EnabledDataCapture>false</EnabledDataCapture>
<EnabledRunTimeWatch>false</EnabledRunTimeWatch>
<EnabledSimulatorRTU>false</EnabledSimulatorRTU>
<EnabledSimulatorRTU>false</EnabledSimulatorRTU>
<EnabledCircular>false</EnabledCircular>
<EnabledHistory>false</EnabledHistory>
<EnabledViewScale>false</EnabledViewScale>
<HistoryBL>255</HistoryBL>
<ViewScale>0</ViewScale>
<RequiredResources>Array</RequiredResources>
<SelectedSymbol>frequency</SelectedSymbol>
<SelectedArray/>
<Address>0x1002</Address>
 <FirstIndex>0</FirstIndex>
<LastIndex>1</LastIndex>
<SampleCount>2</SampleCount>
<IAddress>false</IAddress>
<eVarType>eDynamic</eVarType>
<eTabType>SLIDER</eTabType>
<IsCheckGraphAChecked>false</IsCheckGraphAChecked>
<IsCheckGraphBChecked>false</IsCheckGraphBChecked>
<IsCheckGraphCChecked>false</IsCheckGraphCChecked>
<IsCheckGraphDChecked>false</IsCheckGraphDChecked>
<IsCheckGraphAEnabled>false</IsCheckGraphAEnabled>
<IsCheckGraphBEnabled>false</IsCheckGraphBEnabled>
<IsCheckGraphCEnabled>false</IsCheckGraphCEnabled>
<IsCheckGraphDEnabled>false</IsCheckGraphDEnabled>
<IsInsertDataCaptureItemManually>false</IsInsertDataCaptureItemManually>
<IsInsertRuntimeWatchItemManually>false</IsInsertRuntimeWatchItemManually>
<SelectedTailPointerPath/>
<SelectedTailPointerSymbol/>
<IsGraphDataFromFile>false</IsGraphDataFromFile>
<IsFullView>false</IsFullView>
<IsHalfView>false</IsHalfView>
<IsMaximize>false</IsMaximize>
<ScaleFactor>1.0</ScaleFactor>
<ScaleOffset>0.0</ScaleOffset>
</Setting><Setting>
 <ID>01</ID>
<VarValue>28527</VarValue>
<ArrowIncrement>1</ArrowIncrement>
<PageIncrement>5</PageIncrement>
<AlternateLabel/>
<ApplyRuntime>false</ApplyRuntime>
<DisableRealTime>false</DisableRealTime>
<Enabled>true</Enabled>
<Configured>true</Configured>
<Reset/>
<AllowRefresh>true</AllowRefresh>
<DisableNativeRTNotify>false</DisableNativeRTNotify>
<DataSize>16 Bits</DataSize>
<DataRange>Signed</DataRange>
<DisplayFormat>Decimal</DisplayFormat>
<AllowRunTimeChanges/>
<RunTimeChangeType>eRunTimeHaltResetWriteRun</RunTimeChangeType>
<TrueValue>1</TrueValue>
<FalseValue>0</FalseValue>
<UpperLimit>65535</UpperLimit>
 <LowerLimit>0</LowerLimit>
<UserUpperLimit>65535</UserUpperLimit>
<UserLowerLimit>0</UserLowerLimit>
<AbsoluteAddress/>
<FracDenomVal>32768</FracDenomVal>
<EnumValues/>
<EnumNames/>
<IsEnum>false</IsEnum>
<EnumByValues>false</EnumByValues>
<SequenceType>Even</SequenceType>
<SequenceLength>1</SequenceLength>
<ComboFieldGroupName/>
<IsTrue>false</IsTrue>
<VarValueString>28527</VarValueString>
<SelectedArrayPath><Item name="root"/><Item name="amplitude"/></SelectedArrayPath>
<FractionalData>null</FractionalData>
<FractionalIncrement>null</FractionalIncrement>
<IncrementStep>0</IncrementStep>
<UserDescription/>
<Title>amplitude</Title>
<XAxisLabel>X Axis</XAxisLabel>
<YAxisLabel>Y Axis</YAxisLabel>
<IsPPRSD>false</IsPPRSD>
<IsAutoAssignTitle>true</IsAutoAssignTitle>
<IsDataCapture>false</IsDataCapture>
<IsRunTimeWatch>false</IsRunTimeWatch>
<IsSimulatorRTU>false</IsSimulatorRTU>
<RefreshRate>null</RefreshRate>
<IsStandard>true</IsStandard>
<IsCircular>false</IsCircular>
<EnabledPPRSD>false</EnabledPPRSD>
<EnabledTitle>false</EnabledTitle>
<EnabledDataCapture>false</EnabledDataCapture>
<EnabledRunTimeWatch>false</EnabledRunTimeWatch>
<EnabledSimulatorRTU>false</EnabledSimulatorRTU>
<EnabledSimulatorRTU>false</EnabledSimulatorRTU>
<EnabledCircular>false</EnabledCircular>
<EnabledHistory>false</EnabledHistory>
<EnabledViewScale>false</EnabledViewScale>
<HistoryBL>255</HistoryBL>
<ViewScale>0</ViewScale>
<RequiredResources>Array</RequiredResources>
<SelectedSymbol>amplitude</SelectedSymbol>
<SelectedArray/>
<Address>0x1004</Address>
 <FirstIndex>0</FirstIndex>
<LastIndex>1</LastIndex>
<SampleCount>2</SampleCount>
<IAddress>false</IAddress>
<eVarType>eDynamic</eVarType>
<eTabType>SLIDER</eTabType>
<IsCheckGraphAChecked>false</IsCheckGraphAChecked>
<IsCheckGraphBChecked>false</IsCheckGraphBChecked>
<IsCheckGraphCChecked>false</IsCheckGraphCChecked>
<IsCheckGraphDChecked>false</IsCheckGraphDChecked>
<IsCheckGraphAEnabled>false</IsCheckGraphAEnabled>
<IsCheckGraphBEnabled>false</IsCheckGraphBEnabled>
<IsCheckGraphCEnabled>false</IsCheckGraphCEnabled>
<IsCheckGraphDEnabled>false</IsCheckGraphDEnabled>
<IsInsertDataCaptureItemManually>false</IsInsertDataCaptureItemManually>
<IsInsertRuntimeWatchItemManually>false</IsInsertRuntimeWatchItemManually>
<SelectedTailPointerPath/>
<SelectedTailPointerSymbol/>
<IsGraphDataFromFile>false</IsGraphDataFromFile>
<IsFullView>false</IsFullView>
<IsHalfView>false</IsHalfView>
<IsMaximize>false</IsMaximize>
<ScaleFactor>1.0</ScaleFactor>
<ScaleOffset>0.0</ScaleOffset>
</Setting><Setting>
 <ID>10</ID>
<VarValue>1</VarValue>
<ArrowIncrement>1</ArrowIncrement>
<PageIncrement>5</PageIncrement>
<AlternateLabel>Snapshot</AlternateLabel>
<ApplyRuntime>false</ApplyRuntime>
<DisableRealTime>false</DisableRealTime>
<Enabled>true</Enabled>
<Configured>true</Configured>
<Reset/>
<AllowRefresh>true</AllowRefresh>
<DisableNativeRTNotify>false</DisableNativeRTNotify>
<DataSize>1 Bit</DataSize>
<DataRange>Signed</DataRange>
<DisplayFormat>Decimal</DisplayFormat>
<AllowRunTimeChanges/>
<RunTimeChangeType>eRunTimeHaltResetWriteRun</RunTimeChangeType>
<TrueValue>1</TrueValue>
<FalseValue>0</FalseValue>
<UpperLimit>32767</UpperLimit>
 <LowerLimit>-32768</LowerLimit>
<UserUpperLimit>1</UserUpperLimit>
<UserLowerLimit>0</UserLowerLimit>
<AbsoluteAddress/>
<FracDenomVal>32768</FracDenomVal>
<EnumValues/>
<EnumNames/>
<IsEnum>false</IsEnum>
<EnumByValues>false</EnumByValues>
<SequenceType>Even</SequenceType>
<SequenceLength>1</SequenceLength>
<ComboFieldGroupName/>
<IsTrue>true</IsTrue>
<VarValueString>1</VarValueString>
<SelectedArrayPath><Item name="root"/><Item name="myFlags"/><Item name="TrigggerSnapshot"/></SelectedArrayPath>
<FractionalData>null</FractionalData>
<FractionalIncrement>null</FractionalIncrement>
<IncrementStep>0</IncrementStep>
<UserDescription/>
<Title>myFlags.TrigggerSnapshot</Title>
<XAxisLabel>X Axis</XAxisLabel>
<YAxisLabel>Y Axis</YAxisLabel>
<IsPPRSD>false</IsPPRSD>
<IsAutoAssignTitle>true</IsAutoAssignTitle>
<IsDataCapture>false</IsDataCapture>
<IsRunTimeWatch>false</IsRunTimeWatch>
<IsSimulatorRTU>false</IsSimulatorRTU>
<RefreshRate>null</RefreshRate>
<IsStandard>true</IsStandard>
<IsCircular>false</IsCircular>
<EnabledPPRSD>false</EnabledPPRSD>
<EnabledTitle>false</EnabledTitle>
<EnabledDataCapture>false</EnabledDataCapture>
<EnabledRunTimeWatch>false</EnabledRunTimeWatch>
<EnabledSimulatorRTU>false</EnabledSimulatorRTU>
<EnabledSimulatorRTU>false</EnabledSimulatorRTU>
<EnabledCircular>false</EnabledCircular>
<EnabledHistory>false</EnabledHistory>
<EnabledViewScale>false</EnabledViewScale>
<HistoryBL>255</HistoryBL>
<ViewScale>0</ViewScale>
<RequiredResources>Array</RequiredResources>
<SelectedSymbol>myFlags.TrigggerSnapshot</SelectedSymbol>
<SelectedArray/>
<Address>0x1256</Address>
 <FirstIndex>0</FirstIndex>
<LastIndex>1</LastIndex>
<SampleCount>2</SampleCount>
<IAddress>false</IAddress>
<eVarType>eDynamic</eVarType>
<eTabType>BOOLEAN</eTabType>
<IsCheckGraphAChecked>false</IsCheckGraphAChecked>
<IsCheckGraphBChecked>false</IsCheckGraphBChecked>
<IsCheckGraphCChecked>false</IsCheckGraphCChecked>
<IsCheckGraphDChecked>false</IsCheckGraphDChecked>
<IsCheckGraphAEnabled>false</IsCheckGraphAEnabled>
<IsCheckGraphBEnabled>false</IsCheckGraphBEnabled>
<IsCheckGraphCEnabled>false</IsCheckGraphCEnabled>
<IsCheckGraphDEnabled>false</IsCheckGraphDEnabled>
<IsInsertDataCaptureItemManually>false</IsInsertDataCaptureItemManually>
<IsInsertRuntimeWatchItemManually>false</IsInsertRuntimeWatchItemManually>
<SelectedTailPointerPath/>
<SelectedTailPointerSymbol/>
<IsGraphDataFromFile>false</IsGraphDataFromFile>
<IsFullView>false</IsFullView>
<IsHalfView>false</IsHalfView>
<IsMaximize>false</IsMaximize>
<ScaleFactor>1.0</ScaleFactor>
<ScaleOffset>0.0</ScaleOffset>
</Setting><Setting>
 <ID>11</ID>
<VarValue>1</VarValue>
<ArrowIncrement>1</ArrowIncrement>
<PageIncrement>5</PageIncrement>
<AlternateLabel>LED_D3</AlternateLabel>
<ApplyRuntime>false</ApplyRuntime>
<DisableRealTime>false</DisableRealTime>
<Enabled>true</Enabled>
<Configured>true</Configured>
<Reset/>
<AllowRefresh>true</AllowRefresh>
<DisableNativeRTNotify>false</DisableNativeRTNotify>
<DataSize>1 Bit</DataSize>
<DataRange>Signed</DataRange>
<DisplayFormat>Decimal</DisplayFormat>
<AllowRunTimeChanges/>
<RunTimeChangeType>eRunTimeHaltResetWriteRun</RunTimeChangeType>
<TrueValue>1</TrueValue>
<FalseValue>0</FalseValue>
<UpperLimit>32767</UpperLimit>
 <LowerLimit>-32768</LowerLimit>
<UserUpperLimit>1</UserUpperLimit>
<UserLowerLimit>0</UserLowerLimit>
<AbsoluteAddress/>
<FracDenomVal>32768</FracDenomVal>
<EnumValues/>
<EnumNames/>
<IsEnum>false</IsEnum>
<EnumByValues>false</EnumByValues>
<SequenceType>Even</SequenceType>
<SequenceLength>1</SequenceLength>
<ComboFieldGroupName/>
<IsTrue>true</IsTrue>
<VarValueString>1</VarValueString>
<SelectedArrayPath><Item name="root"/><Item name="myFlags"/><Item name="LED_D3"/></SelectedArrayPath>
<FractionalData>null</FractionalData>
<FractionalIncrement>null</FractionalIncrement>
<IncrementStep>0</IncrementStep>
<UserDescription/>
<Title>myFlags.LED_D3</Title>
<XAxisLabel>X Axis</XAxisLabel>
<YAxisLabel>Y Axis</YAxisLabel>
<IsPPRSD>false</IsPPRSD>
<IsAutoAssignTitle>true</IsAutoAssignTitle>
<IsDataCapture>false</IsDataCapture>
<IsRunTimeWatch>false</IsRunTimeWatch>
<IsSimulatorRTU>false</IsSimulatorRTU>
<RefreshRate>null</RefreshRate>
<IsStandard>true</IsStandard>
<IsCircular>false</IsCircular>
<EnabledPPRSD>false</EnabledPPRSD>
<EnabledTitle>false</EnabledTitle>
<EnabledDataCapture>false</EnabledDataCapture>
<EnabledRunTimeWatch>false</EnabledRunTimeWatch>
<EnabledSimulatorRTU>false</EnabledSimulatorRTU>
<EnabledSimulatorRTU>false</EnabledSimulatorRTU>
<EnabledCircular>false</EnabledCircular>
<EnabledHistory>false</EnabledHistory>
<EnabledViewScale>false</EnabledViewScale>
<HistoryBL>255</HistoryBL>
<ViewScale>0</ViewScale>
<RequiredResources>Array</RequiredResources>
<SelectedSymbol>myFlags.LED_D3</SelectedSymbol>
<SelectedArray/>
<Address>0x1256</Address>
 <FirstIndex>0</FirstIndex>
<LastIndex>1</LastIndex>
<SampleCount>2</SampleCount>
<IAddress>false</IAddress>
<eVarType>eDynamic</eVarType>
<eTabType>BOOLEAN</eTabType>
<IsCheckGraphAChecked>false</IsCheckGraphAChecked>
<IsCheckGraphBChecked>false</IsCheckGraphBChecked>
<IsCheckGraphCChecked>false</IsCheckGraphCChecked>
<IsCheckGraphDChecked>false</IsCheckGraphDChecked>
<IsCheckGraphAEnabled>false</IsCheckGraphAEnabled>
<IsCheckGraphBEnabled>false</IsCheckGraphBEnabled>
<IsCheckGraphCEnabled>false</IsCheckGraphCEnabled>
<IsCheckGraphDEnabled>false</IsCheckGraphDEnabled>
<IsInsertDataCaptureItemManually>false</IsInsertDataCaptureItemManually>
<IsInsertRuntimeWatchItemManually>false</IsInsertRuntimeWatchItemManually>
<SelectedTailPointerPath/>
<SelectedTailPointerSymbol/>
<IsGraphDataFromFile>false</IsGraphDataFromFile>
<IsFullView>false</IsFullView>
<IsHalfView>false</IsHalfView>
<IsMaximize>false</IsMaximize>
<ScaleFactor>1.0</ScaleFactor>
<ScaleOffset>0.0</ScaleOffset>
</Setting><Setting>
 <ID>12</ID>
<VarValue>0</VarValue>
<ArrowIncrement>1</ArrowIncrement>
<PageIncrement>5</PageIncrement>
<AlternateLabel>LED_D4</AlternateLabel>
<ApplyRuntime>false</ApplyRuntime>
<DisableRealTime>false</DisableRealTime>
<Enabled>true</Enabled>
<Configured>true</Configured>
<Reset/>
<AllowRefresh>true</AllowRefresh>
<DisableNativeRTNotify>false</DisableNativeRTNotify>
<DataSize>1 Bit</DataSize>
<DataRange>Signed</DataRange>
<DisplayFormat>Decimal</DisplayFormat>
<AllowRunTimeChanges/>
<RunTimeChangeType>eRunTimeHaltResetWriteRun</RunTimeChangeType>
<TrueValue>1</TrueValue>
<FalseValue>0</FalseValue>
<UpperLimit>32767</UpperLimit>
 <LowerLimit>-32768</LowerLimit>
<UserUpperLimit>1</UserUpperLimit>
<UserLowerLimit>0</UserLowerLimit>
<AbsoluteAddress/>
<FracDenomVal>32768</FracDenomVal>
<EnumValues/>
<EnumNames/>
<IsEnum>false</IsEnum>
<EnumByValues>false</EnumByValues>
<SequenceType>Even</SequenceType>
<SequenceLength>1</SequenceLength>
<ComboFieldGroupName/>
<IsTrue>false</IsTrue>
<VarValueString>0</VarValueString>
<SelectedArrayPath><Item name="root"/><Item name="myFlags"/><Item name="LED_D4"/></SelectedArrayPath>
<FractionalData>null</FractionalData>
<FractionalIncrement>null</FractionalIncrement>
<IncrementStep>0</IncrementStep>
<UserDescription/>
<Title>myFlags.LED_D4</Title>
<XAxisLabel>X Axis</XAxisLabel>
<YAxisLabel>Y Axis</YAxisLabel>
<IsPPRSD>false</IsPPRSD>
<IsAutoAssignTitle>true</IsAutoAssignTitle>
<IsDataCapture>false</IsDataCapture>
<IsRunTimeWatch>false</IsRunTimeWatch>
<IsSimulatorRTU>false</IsSimulatorRTU>
<RefreshRate>null</RefreshRate>
<IsStandard>true</IsStandard>
<IsCircular>false</IsCircular>
<EnabledPPRSD>false</EnabledPPRSD>
<EnabledTitle>false</EnabledTitle>
<EnabledDataCapture>false</EnabledDataCapture>
<EnabledRunTimeWatch>false</EnabledRunTimeWatch>
<EnabledSimulatorRTU>false</EnabledSimulatorRTU>
<EnabledSimulatorRTU>false</EnabledSimulatorRTU>
<EnabledCircular>false</EnabledCircular>
<EnabledHistory>false</EnabledHistory>
<EnabledViewScale>false</EnabledViewScale>
<HistoryBL>255</HistoryBL>
<ViewScale>0</ViewScale>
<RequiredResources>Array</RequiredResources>
<SelectedSymbol>myFlags.LED_D4</SelectedSymbol>
<SelectedArray/>
<Address>0x1256</Address>
 <FirstIndex>0</FirstIndex>
<LastIndex>1</LastIndex>
<SampleCount>2</SampleCount>
<IAddress>false</IAddress>
<eVarType>eDynamic</eVarType>
<eTabType>BOOLEAN</eTabType>
<IsCheckGraphAChecked>false</IsCheckGraphAChecked>
<IsCheckGraphBChecked>false</IsCheckGraphBChecked>
<IsCheckGraphCChecked>false</IsCheckGraphCChecked>
<IsCheckGraphDChecked>false</IsCheckGraphDChecked>
<IsCheckGraphAEnabled>false</IsCheckGraphAEnabled>
<IsCheckGraphBEnabled>false</IsCheckGraphBEnabled>
<IsCheckGraphCEnabled>false</IsCheckGraphCEnabled>
<IsCheckGraphDEnabled>false</IsCheckGraphDEnabled>
<IsInsertDataCaptureItemManually>false</IsInsertDataCaptureItemManually>
<IsInsertRuntimeWatchItemManually>false</IsInsertRuntimeWatchItemManually>
<SelectedTailPointerPath/>
<SelectedTailPointerSymbol/>
<IsGraphDataFromFile>false</IsGraphDataFromFile>
<IsFullView>false</IsFullView>
<IsHalfView>false</IsHalfView>
<IsMaximize>false</IsMaximize>
<ScaleFactor>1.0</ScaleFactor>
<ScaleOffset>0.0</ScaleOffset>
</Setting><Setting>
 <ID>13</ID>
<VarValue>1</VarValue>
<ArrowIncrement>1</ArrowIncrement>
<PageIncrement>5</PageIncrement>
<AlternateLabel>LED_D5</AlternateLabel>
<ApplyRuntime>false</ApplyRuntime>
<DisableRealTime>false</DisableRealTime>
<Enabled>true</Enabled>
<Configured>true</Configured>
<Reset/>
<AllowRefresh>true</AllowRefresh>
<DisableNativeRTNotify>false</DisableNativeRTNotify>
<DataSize>1 Bit</DataSize>
<DataRange>Signed</DataRange>
<DisplayFormat>Decimal</DisplayFormat>
<AllowRunTimeChanges/>
<RunTimeChangeType>eRunTimeHaltResetWriteRun</RunTimeChangeType>
<TrueValue>1</TrueValue>
<FalseValue>0</FalseValue>
<UpperLimit>32767</UpperLimit>
 <LowerLimit>-32768</LowerLimit>
<UserUpperLimit>1</UserUpperLimit>
<UserLowerLimit>0</UserLowerLimit>
<AbsoluteAddress/>
<FracDenomVal>32768</FracDenomVal>
<EnumValues/>
<EnumNames/>
<IsEnum>false</IsEnum>
<EnumByValues>false</EnumByValues>
<SequenceType>Even</SequenceType>
<SequenceLength>1</SequenceLength>
<ComboFieldGroupName/>
<IsTrue>true</IsTrue>
<VarValueString>1</VarValueString>
<SelectedArrayPath><Item name="root"/><Item name="myFlags"/><Item name="LED_D5"/></SelectedArrayPath>
<FractionalData>null</FractionalData>
<FractionalIncrement>null</FractionalIncrement>
<IncrementStep>0</IncrementStep>
<UserDescription/>
<Title>myFlags.LED_D5</Title>
<XAxisLabel>X Axis</XAxisLabel>
<YAxisLabel>Y Axis</YAxisLabel>
<IsPPRSD>false</IsPPRSD>
<IsAutoAssignTitle>true</IsAutoAssignTitle>
<IsDataCapture>false</IsDataCapture>
<IsRunTimeWatch>false</IsRunTimeWatch>
<IsSimulatorRTU>false</IsSimulatorRTU>
<RefreshRate>null</RefreshRate>
<IsStandard>true</IsStandard>
<IsCircular>false</IsCircular>
<EnabledPPRSD>false</EnabledPPRSD>
<EnabledTitle>false</EnabledTitle>
<EnabledDataCapture>false</EnabledDataCapture>
<EnabledRunTimeWatch>false</EnabledRunTimeWatch>
<EnabledSimulatorRTU>false</EnabledSimulatorRTU>
<EnabledSimulatorRTU>false</EnabledSimulatorRTU>
<EnabledCircular>false</EnabledCircular>
<EnabledHistory>false</EnabledHistory>
<EnabledViewScale>false</EnabledViewScale>
<HistoryBL>255</HistoryBL>
<ViewScale>0</ViewScale>
<RequiredResources>Array</RequiredResources>
<SelectedSymbol>myFlags.LED_D5</SelectedSymbol>
<SelectedArray/>
<Address>0x1256</Address>
 <FirstIndex>0</FirstIndex>
<LastIndex>1</LastIndex>
<SampleCount>2</SampleCount>
<IAddress>false</IAddress>
<eVarType>eDynamic</eVarType>
<eTabType>BOOLEAN</eTabType>
<IsCheckGraphAChecked>false</IsCheckGraphAChecked>
<IsCheckGraphBChecked>false</IsCheckGraphBChecked>
<IsCheckGraphCChecked>false</IsCheckGraphCChecked>
<IsCheckGraphDChecked>false</IsCheckGraphDChecked>
<IsCheckGraphAEnabled>false</IsCheckGraphAEnabled>
<IsCheckGraphBEnabled>false</IsCheckGraphBEnabled>
<IsCheckGraphCEnabled>false</IsCheckGraphCEnabled>
<IsCheckGraphDEnabled>false</IsCheckGraphDEnabled>
<IsInsertDataCaptureItemManually>false</IsInsertDataCaptureItemManually>
<IsInsertRuntimeWatchItemManually>false</IsInsertRuntimeWatchItemManually>
<SelectedTailPointerPath/>
<SelectedTailPointerSymbol/>
<IsGraphDataFromFile>false</IsGraphDataFromFile>
<IsFullView>false</IsFullView>
<IsHalfView>false</IsHalfView>
<IsMaximize>false</IsMaximize>
<ScaleFactor>1.0</ScaleFactor>
<ScaleOffset>0.0</ScaleOffset>
</Setting><Setting>
 <ID>14</ID>
<VarValue>1</VarValue>
<ArrowIncrement>1</ArrowIncrement>
<PageIncrement>5</PageIncrement>
<AlternateLabel>LED_D6</AlternateLabel>
<ApplyRuntime>false</ApplyRuntime>
<DisableRealTime>false</DisableRealTime>
<Enabled>true</Enabled>
<Configured>true</Configured>
<Reset/>
<AllowRefresh>true</AllowRefresh>
<DisableNativeRTNotify>false</DisableNativeRTNotify>
<DataSize>1 Bit</DataSize>
<DataRange>Signed</DataRange>
<DisplayFormat>Decimal</DisplayFormat>
<AllowRunTimeChanges/>
<RunTimeChangeType>eRunTimeHaltResetWriteRun</RunTimeChangeType>
<TrueValue>1</TrueValue>
<FalseValue>0</FalseValue>
<UpperLimit>32767</UpperLimit>
 <LowerLimit>-32768</LowerLimit>
<UserUpperLimit>1</UserUpperLimit>
<UserLowerLimit>0</UserLowerLimit>
<AbsoluteAddress/>
<FracDenomVal>32768</FracDenomVal>
<EnumValues/>
<EnumNames/>
<IsEnum>false</IsEnum>
<EnumByValues>false</EnumByValues>
<SequenceType>Even</SequenceType>
<SequenceLength>1</SequenceLength>
<ComboFieldGroupName/>
<IsTrue>true</IsTrue>
<VarValueString>1</VarValueString>
<SelectedArrayPath><Item name="root"/><Item name="myFlags"/><Item name="LED_D6"/></SelectedArrayPath>
<FractionalData>null</FractionalData>
<FractionalIncrement>null</FractionalIncrement>
<IncrementStep>0</IncrementStep>
<UserDescription/>
<Title>myFlags.LED_D6</Title>
<XAxisLabel>X Axis</XAxisLabel>
<YAxisLabel>Y Axis</YAxisLabel>
<IsPPRSD>false</IsPPRSD>
<IsAutoAssignTitle>true</IsAutoAssignTitle>
<IsDataCapture>false</IsDataCapture>
<IsRunTimeWatch>false</IsRunTimeWatch>
<IsSimulatorRTU>false</IsSimulatorRTU>
<RefreshRate>null</RefreshRate>
<IsStandard>true</IsStandard>
<IsCircular>false</IsCircular>
<EnabledPPRSD>false</EnabledPPRSD>
<EnabledTitle>false</EnabledTitle>
<EnabledDataCapture>false</EnabledDataCapture>
<EnabledRunTimeWatch>false</EnabledRunTimeWatch>
<EnabledSimulatorRTU>false</EnabledSimulatorRTU>
<EnabledSimulatorRTU>false</EnabledSimulatorRTU>
<EnabledCircular>false</EnabledCircular>
<EnabledHistory>false</EnabledHistory>
<EnabledViewScale>false</EnabledViewScale>
<HistoryBL>255</HistoryBL>
<ViewScale>0</ViewScale>
<RequiredResources>Array</RequiredResources>
<SelectedSymbol>myFlags.LED_D6</SelectedSymbol>
<SelectedArray/>
<Address>0x1256</Address>
 <FirstIndex>0</FirstIndex>
<LastIndex>1</LastIndex>
<SampleCount>2</SampleCount>
<IAddress>false</IAddress>
<eVarType>eDynamic</eVarType>
<eTabType>BOOLEAN</eTabType>
<IsCheckGraphAChecked>false</IsCheckGraphAChecked>
<IsCheckGraphBChecked>false</IsCheckGraphBChecked>
<IsCheckGraphCChecked>false</IsCheckGraphCChecked>
<IsCheckGraphDChecked>false</IsCheckGraphDChecked>
<IsCheckGraphAEnabled>false</IsCheckGraphAEnabled>
<IsCheckGraphBEnabled>false</IsCheckGraphBEnabled>
<IsCheckGraphCEnabled>false</IsCheckGraphCEnabled>
<IsCheckGraphDEnabled>false</IsCheckGraphDEnabled>
<IsInsertDataCaptureItemManually>false</IsInsertDataCaptureItemManually>
<IsInsertRuntimeWatchItemManually>false</IsInsertRuntimeWatchItemManually>
<SelectedTailPointerPath/>
<SelectedTailPointerSymbol/>
<IsGraphDataFromFile>false</IsGraphDataFromFile>
<IsFullView>false</IsFullView>
<IsHalfView>false</IsHalfView>
<IsMaximize>false</IsMaximize>
<ScaleFactor>1.0</ScaleFactor>
<ScaleOffset>0.0</ScaleOffset>
</Setting><Setting>
 <ID>90</ID>
<VarValue/>
<ArrowIncrement>1</ArrowIncrement>
<PageIncrement>5</PageIncrement>
<AlternateLabel/>
<ApplyRuntime>false</ApplyRuntime>
<DisableRealTime>false</DisableRealTime>
<Enabled>true</Enabled>
<Configured>true</Configured>
<Reset/>
<AllowRefresh>true</AllowRefresh>
<DisableNativeRTNotify>false</DisableNativeRTNotify>
<DataSize>16 Bits</DataSize>
<DataRange>UnSigned</DataRange>
<DisplayFormat>Decimal</DisplayFormat>
<AllowRunTimeChanges/>
<RunTimeChangeType>eRunTimeHaltResetWriteRun</RunTimeChangeType>
<TrueValue>1</TrueValue>
<FalseValue>0</FalseValue>
<UpperLimit>32767</UpperLimit>
 <LowerLimit>-32768</LowerLimit>
<UserUpperLimit>null</UserUpperLimit>
<UserLowerLimit>null</UserLowerLimit>
<AbsoluteAddress/>
<FracDenomVal>32768</FracDenomVal>
<EnumValues/>
<EnumNames/>
<IsEnum>false</IsEnum>
<EnumByValues>false</EnumByValues>
<SequenceType>Even</SequenceType>
<SequenceLength>1</SequenceLength>
<ComboFieldGroupName/>
<IsTrue>false</IsTrue>
<VarValueString/>
<SelectedArrayPath><Item name="root"/><Item name="snapShotBufferPlottedInDMCI"/></SelectedArrayPath>
<FractionalData>null</FractionalData>
<FractionalIncrement>null</FractionalIncrement>
<IncrementStep>0</IncrementStep>
<UserDescription/>
<Title>Source Symbol: snapShotBufferPlottedInDMCI</Title>
<XAxisLabel>X Axis</XAxisLabel>
<YAxisLabel>Y Axis</YAxisLabel>
<IsPPRSD>false</IsPPRSD>
<IsAutoAssignTitle>true</IsAutoAssignTitle>
<IsDataCapture>false</IsDataCapture>
<IsRunTimeWatch>false</IsRunTimeWatch>
<IsSimulatorRTU>false</IsSimulatorRTU>
<RefreshRate>null</RefreshRate>
<IsStandard>true</IsStandard>
<IsCircular>false</IsCircular>
<EnabledPPRSD>false</EnabledPPRSD>
<EnabledTitle>false</EnabledTitle>
<EnabledDataCapture>false</EnabledDataCapture>
<EnabledRunTimeWatch>false</EnabledRunTimeWatch>
<EnabledSimulatorRTU>false</EnabledSimulatorRTU>
<EnabledSimulatorRTU>false</EnabledSimulatorRTU>
<EnabledCircular>false</EnabledCircular>
<EnabledHistory>false</EnabledHistory>
<EnabledViewScale>false</EnabledViewScale>
<HistoryBL>255</HistoryBL>
<ViewScale>0</ViewScale>
<RequiredResources>Array</RequiredResources>
<SelectedSymbol>snapShotBufferPlottedInDMCI</SelectedSymbol>
<SelectedArray/>
<Address>0x1006</Address>
 <FirstIndex>0</FirstIndex>
<LastIndex>255</LastIndex>
<SampleCount>256</SampleCount>
<IAddress>false</IAddress>
<eVarType>eDynamic</eVarType>
<eTabType>GRAPH</eTabType>
<IsCheckGraphAChecked>false</IsCheckGraphAChecked>
<IsCheckGraphBChecked>false</IsCheckGraphBChecked>
<IsCheckGraphCChecked>false</IsCheckGraphCChecked>
<IsCheckGraphDChecked>false</IsCheckGraphDChecked>
<IsCheckGraphAEnabled>false</IsCheckGraphAEnabled>
<IsCheckGraphBEnabled>false</IsCheckGraphBEnabled>
<IsCheckGraphCEnabled>false</IsCheckGraphCEnabled>
<IsCheckGraphDEnabled>false</IsCheckGraphDEnabled>
<IsInsertDataCaptureItemManually>false</IsInsertDataCaptureItemManually>
<IsInsertRuntimeWatchItemManually>false</IsInsertRuntimeWatchItemManually>
<SelectedTailPointerPath/>
<SelectedTailPointerSymbol/>
<IsGraphDataFromFile>false</IsGraphDataFromFile>
<IsFullView>true</IsFullView>
<IsHalfView>false</IsHalfView>
<IsMaximize>false</IsMaximize>
<ScaleFactor>1.0</ScaleFactor>
<ScaleOffset>0.0</ScaleOffset>
</Setting></Settings><OneTimeSetting>
<TabbedWindow>false</TabbedWindow>
<ForceWindowOnTop>false</ForceWindowOnTop>
<DDIControlGroupNames><Item name="User Defined Group 1"/><Item name="User Defined Group 2"/><Item name="User Defined Group 3"/><Item name="User Defined Group 4"/><Item name="User Defined Group 5"/><Item name="User Defined Group 6"/><Item name="User Defined Group 7"/></DDIControlGroupNames>
<BaudRate>38400</BaudRate>
<Port>COM3</Port>
<SingleCtrlUpdates>true</SingleCtrlUpdates>
<EnableRTDMUpdates>true</EnableRTDMUpdates>
<AutomationRunning>true</AutomationRunning>
<VerticalDimension height="842" width="1141">
</VerticalDimension>
<HorizontalDimension height="283" width="1139">
</HorizontalDimension>
<VerticalSplitPosition>553</VerticalSplitPosition>
<HorizontalSplitPosition>614</HorizontalSplitPosition>
</OneTimeSetting><AutomatedEventDatas>
<TimerEventDatas><TimerEventData>
<IsSelected>true</IsSelected>
<ControlID>Graph 1</ControlID>
<SymbolName>snapShotBufferPlottedInDMCI</SymbolName>
<Command>Update</Command>
<Delay>0</Delay>
</TimerEventData></TimerEventDatas>
<EnableOperation>true</EnableOperation>
<RepeatInterval>1000</RepeatInterval>
<RepeatIntervalText>1 Sec</RepeatIntervalText>
<IsInlineSpeed>false</IsInlineSpeed>
<DurationContinuous>true</DurationContinuous>
<Count>0</Count>
<Counter>0</Counter>
</AutomatedEventDatas><GraphInfo>
<LeftTop>
<Merge>
</Merge>
<Color>
<BGColor>
<R>212</R>
<G>208</G>
<B>200</B>
</BGColor>
<PlotColor>
<R>255</R>
<G>255</G>
<B>255</B>
</PlotColor>
<RangeGridColor>
<R>128</R>
<G>128</G>
<B>128</B>
</RangeGridColor>
<DomainGridColor>
<R>128</R>
<G>128</G>
<B>128</B>
</DomainGridColor>
<TitleColor>
<R>0</R>
<G>0</G>
<B>0</B>
</TitleColor>
<RangeLabelColor>
<R>0</R>
<G>0</G>
<B>0</B>
</RangeLabelColor>
<RangeTickColor>
<R>0</R>
<G>0</G>
<B>255</B>
</RangeTickColor>
<DomainLabelColor>
<R>0</R>
<G>0</G>
<B>0</B>
</DomainLabelColor>
<DomainTickColor>
<R>0</R>
<G>0</G>
<B>255</B>
</DomainTickColor>
<SeriesColor>
<R>255</R>
<G>0</G>
<B>0</B>
</SeriesColor>
</Color>
<Font>
<TitleFont>
<Name>Verdana Bold</Name>
<Size>14</Size>
</TitleFont>


<DomainFont>
<Name>Verdana Bold</Name>
<Size>12</Size>
</DomainFont>

<RangeFont>
<Name>Verdana Bold</Name>
<Size>12</Size>
</RangeFont>
</Font>
<DomainGridVisible>true</DomainGridVisible>
<RangeGridVisible>true</RangeGridVisible>
</LeftTop>
<RightTop>
<Merge>
</Merge>
<Color>
<BGColor>
<R>212</R>
<G>208</G>
<B>200</B>
</BGColor>
<PlotColor>
<R>255</R>
<G>255</G>
<B>255</B>
</PlotColor>
<RangeGridColor>
<R>128</R>
<G>128</G>
<B>128</B>
</RangeGridColor>
<DomainGridColor>
<R>128</R>
<G>128</G>
<B>128</B>
</DomainGridColor>
<TitleColor>
<R>0</R>
<G>0</G>
<B>0</B>
</TitleColor>
<RangeLabelColor>
<R>0</R>
<G>0</G>
<B>0</B>
</RangeLabelColor>
<RangeTickColor>
<R>0</R>
<G>0</G>
<B>255</B>
</RangeTickColor>
<DomainLabelColor>
<R>0</R>
<G>0</G>
<B>0</B>
</DomainLabelColor>
<DomainTickColor>
<R>0</R>
<G>0</G>
<B>255</B>
</DomainTickColor>
<SeriesColor>
<R>0</R>
<G>128</G>
<B>0</B>
</SeriesColor>
</Color>
<Font>
<TitleFont>
<Name>Verdana Bold</Name>
<Size>14</Size>
</TitleFont>


<DomainFont>
<Name>Verdana Bold</Name>
<Size>12</Size>
</DomainFont>

<RangeFont>
<Name>Verdana Bold</Name>
<Size>12</Size>
</RangeFont>
</Font>
<DomainGridVisible>true</DomainGridVisible>
<RangeGridVisible>true</RangeGridVisible>
</RightTop>
<LeftBottom>
<Merge>
</Merge>
<Color>
<BGColor>
<R>212</R>
<G>208</G>
<B>200</B>
</BGColor>
<PlotColor>
<R>255</R>
<G>255</G>
<B>255</B>
</PlotColor>
<RangeGridColor>
<R>128</R>
<G>128</G>
<B>128</B>
</RangeGridColor>
<DomainGridColor>
<R>128</R>
<G>128</G>
<B>128</B>
</DomainGridColor>
<TitleColor>
<R>0</R>
<G>0</G>
<B>0</B>
</TitleColor>
<RangeLabelColor>
<R>0</R>
<G>0</G>
<B>0</B>
</RangeLabelColor>
<RangeTickColor>
<R>0</R>
<G>0</G>
<B>255</B>
</RangeTickColor>
<DomainLabelColor>
<R>0</R>
<G>0</G>
<B>0</B>
</DomainLabelColor>
<DomainTickColor>
<R>0</R>
<G>0</G>
<B>255</B>
</DomainTickColor>
<SeriesColor>
<R>0</R>
<G>0</G>
<B>0</B>
</SeriesColor>
</Color>
<Font>
<TitleFont>
<Name>Verdana Bold</Name>
<Size>14</Size>
</TitleFont>


<DomainFont>
<Name>Verdana Bold</Name>
<Size>12</Size>
</DomainFont>

<RangeFont>
<Name>Verdana Bold</Name>
<Size>12</Size>
</RangeFont>
</Font>
<DomainGridVisible>true</DomainGridVisible>
<RangeGridVisible>true</RangeGridVisible>
</LeftBottom>
<RightBottom>
<Merge>
</Merge>
<Color>
<BGColor>
<R>212</R>
<G>208</G>
<B>200</B>
</BGColor>
<PlotColor>
<R>255</R>
<G>255</G>
<B>255</B>
</PlotColor>
<RangeGridColor>
<R>128</R>
<G>128</G>
<B>128</B>
</RangeGridColor>
<DomainGridColor>
<R>128</R>
<G>128</G>
<B>128</B>
</DomainGridColor>
<TitleColor>
<R>0</R>
<G>0</G>
<B>0</B>
</TitleColor>
<RangeLabelColor>
<R>0</R>
<G>0</G>
<B>0</B>
</RangeLabelColor>
<RangeTickColor>
<R>0</R>
<G>0</G>
<B>255</B>
</RangeTickColor>
<DomainLabelColor>
<R>0</R>
<G>0</G>
<B>0</B>
</DomainLabelColor>
<DomainTickColor>
<R>0</R>
<G>0</G>
<B>255</B>
</DomainTickColor>
<SeriesColor>
<R>0</R>
<G>0</G>
<B>255</B>
</SeriesColor>
</Color>
<Font>
<TitleFont>
<Name>Verdana Bold</Name>
<Size>14</Size>
</TitleFont>


<DomainFont>
<Name>Verdana Bold</Name>
<Size>12</Size>
</DomainFont>

<RangeFont>
<Name>Verdana Bold</Name>
<Size>12</Size>
</RangeFont>
</Font>
<DomainGridVisible>true</DomainGridVisible>
<RangeGridVisible>true</RangeGridVisible>
</RightBottom>
</GraphInfo></DMCISettings>