<?xml version="1.0" encoding="UTF-8"?><project-private xmlns="http://www.netbeans.org/ns/project-private/1">
    <editor-bookmarks xmlns="http://www.netbeans.org/ns/editor-bookmarks/1"/>
    <open-files xmlns="http://www.netbeans.org/ns/projectui-open-files/1">
        <file>file:/F:/code_examples/trunk/33E/ce401_adc_1msps/firmware/src/main.c</file>
        <file>file:/F:/code_examples/trunk/33E/ce401_adc_1msps/firmware/src/system_config/exp16/dspic33ep512mu810/adcdrv2.c</file>
        <file>file:/F:/code_examples/trunk/33E/ce401_adc_1msps/firmware/src/tglpin.s</file>
        <file>file:/F:/code_examples/trunk/33E/ce401_adc_1msps/firmware/src/adcdrv2.h</file>
        <file>file:/F:/code_examples/trunk/33E/ce401_adc_1msps/firmware/src/system_config/exp16/dspic33ep256gp506/adcdrv2.c</file>
        <file>file:/F:/code_examples/trunk/33E/ce401_adc_1msps/firmware/src/system_config/exp16/dspic33ep512gm710/adcdrv2.c</file>
    </open-files>
</project-private>
