<?xml version="1.0" encoding="UTF-8"?><project-private xmlns="http://www.netbeans.org/ns/project-private/1">
    <editor-bookmarks xmlns="http://www.netbeans.org/ns/editor-bookmarks/1"/>
    <open-files xmlns="http://www.netbeans.org/ns/projectui-open-files/1">
        <file>file:/F:/code_examples/trunk/33E/ce421_adc_chscan_no_dma/firmware/src/system_config/exp16/dspic33ep512mu810/adcdrv1.c</file>
        <file>file:/F:/code_examples/trunk/33E/ce421_adc_chscan_no_dma/firmware/src/main.c</file>
        <file>file:/F:/code_examples/trunk/33E/ce421_adc_chscan_no_dma/firmware/src/adcdrv1.h</file>
    </open-files>
</project-private>
